Id,IsDeleted,Name,CreatedDate,CreatedById,LastModifiedDate,LastModifiedById,SystemModstamp,sustain_app__SustainabilityAsset__c,sustain_app__SustainabilityContact__c,sustain_app__Order__c
a003h000007G5eMAAS,,AC-0000,2020-09-10T15:51:02.000+0000,0053h000002ff5cAAA,2020-09-10T15:51:02.000+0000,0053h000002ff5cAAA,2020-09-10T15:51:02.000+0000,a013h000009gxQkAAI,a043h00000NclIsAAJ,
a003h000007G5eNAAS,,AC-0001,2020-09-10T15:51:02.000+0000,0053h000002ff5cAAA,2020-09-10T15:51:02.000+0000,0053h000002ff5cAAA,2020-09-10T15:51:02.000+0000,a013h000009gxRGAAY,a043h00000NclIsAAJ,
a003h000007G5eOAAS,,AC-0002,2020-09-10T15:51:02.000+0000,0053h000002ff5cAAA,2020-09-10T15:51:02.000+0000,0053h000002ff5cAAA,2020-09-10T15:51:02.000+0000,a013h000009gxRFAAY,a043h00000NclIsAAJ,
a003h000007G5ePAAS,,AC-0003,2020-09-10T15:51:02.000+0000,0053h000002ff5cAAA,2020-09-10T15:51:02.000+0000,0053h000002ff5cAAA,2020-09-10T15:51:02.000+0000,a013h000009gxQnAAI,a043h00000NclIsAAJ,
a003h000007G5eQAAS,,AC-0004,2020-09-10T15:51:02.000+0000,0053h000002ff5cAAA,2020-09-10T15:51:02.000+0000,0053h000002ff5cAAA,2020-09-10T15:51:02.000+0000,a013h000009gxQoAAI,a043h00000NclIsAAJ,
a003h000007G5eRAAS,,AC-0005,2020-09-10T15:51:02.000+0000,0053h000002ff5cAAA,2020-09-10T15:51:02.000+0000,0053h000002ff5cAAA,2020-09-10T15:51:02.000+0000,a013h000009gxQgAAI,a043h00000NclIsAAJ,
a003h000007G5eSAAS,,AC-0006,2020-09-10T15:51:02.000+0000,0053h000002ff5cAAA,2020-09-10T15:51:02.000+0000,0053h000002ff5cAAA,2020-09-10T15:51:02.000+0000,a013h000009gxQmAAI,a043h00000NclIsAAJ,
a003h000007G5eTAAS,,AC-0007,2020-09-10T15:51:02.000+0000,0053h000002ff5cAAA,2020-09-10T15:51:02.000+0000,0053h000002ff5cAAA,2020-09-10T15:51:02.000+0000,a013h000009gxRRAAY,a043h00000NclIuAAJ,
a003h000007G5eUAAS,,AC-0008,2020-09-10T15:51:02.000+0000,0053h000002ff5cAAA,2020-09-10T15:51:02.000+0000,0053h000002ff5cAAA,2020-09-10T15:51:02.000+0000,a013h000009gxRUAAY,a043h00000NclIuAAJ,
a003h000007G5eVAAS,,AC-0009,2020-09-10T15:51:02.000+0000,0053h000002ff5cAAA,2020-09-10T15:51:02.000+0000,0053h000002ff5cAAA,2020-09-10T15:51:02.000+0000,a013h000009gxROAAY,a043h00000NclIuAAJ,
a003h000007G5eWAAS,,AC-0010,2020-09-10T15:51:02.000+0000,0053h000002ff5cAAA,2020-09-10T15:51:02.000+0000,0053h000002ff5cAAA,2020-09-10T15:51:02.000+0000,a013h000009gxRPAAY,a043h00000NclIuAAJ,
a003h000007G5eXAAS,,AC-0011,2020-09-10T15:51:02.000+0000,0053h000002ff5cAAA,2020-09-10T15:51:02.000+0000,0053h000002ff5cAAA,2020-09-10T15:51:02.000+0000,a013h000009gxRSAAY,a043h00000NclIuAAJ,
a003h000007G5eYAAS,,AC-0012,2020-09-10T15:51:02.000+0000,0053h000002ff5cAAA,2020-09-10T15:51:02.000+0000,0053h000002ff5cAAA,2020-09-10T15:51:02.000+0000,a013h000009gxRVAAY,a043h00000NclIuAAJ,
a003h000007G5eZAAS,,AC-0013,2020-09-10T15:51:02.000+0000,0053h000002ff5cAAA,2020-09-10T15:51:02.000+0000,0053h000002ff5cAAA,2020-09-10T15:51:02.000+0000,a013h000009gxRWAAY,a043h00000NclIuAAJ,
a003h000007G5eaAAC,,AC-0014,2020-09-10T15:51:02.000+0000,0053h000002ff5cAAA,2020-09-10T15:51:02.000+0000,0053h000002ff5cAAA,2020-09-10T15:51:02.000+0000,a013h000009gxRQAAY,a043h00000NclIuAAJ,
a003h000007G5ebAAC,,AC-0015,2020-09-10T15:51:02.000+0000,0053h000002ff5cAAA,2020-09-10T15:51:02.000+0000,0053h000002ff5cAAA,2020-09-10T15:51:02.000+0000,a013h000009gxRTAAY,a043h00000NclIuAAJ,
a003h000007G5ecAAC,,AC-0016,2020-09-10T15:51:02.000+0000,0053h000002ff5cAAA,2020-09-10T15:51:02.000+0000,0053h000002ff5cAAA,2020-09-10T15:51:02.000+0000,a013h000009gxQhAAI,a043h00000NclItAAJ,
a003h000007G5edAAC,,AC-0017,2020-09-10T15:51:02.000+0000,0053h000002ff5cAAA,2020-09-10T15:51:02.000+0000,0053h000002ff5cAAA,2020-09-10T15:51:02.000+0000,a013h000009gxQiAAI,a043h00000NclItAAJ,
a003h000007G5eeAAC,,AC-0018,2020-09-10T15:51:02.000+0000,0053h000002ff5cAAA,2020-09-10T15:51:02.000+0000,0053h000002ff5cAAA,2020-09-10T15:51:02.000+0000,a013h000009gxQjAAI,a043h00000NclItAAJ,
a003h000007G5efAAC,,AC-0019,2020-09-10T15:51:02.000+0000,0053h000002ff5cAAA,2020-09-10T15:51:02.000+0000,0053h000002ff5cAAA,2020-09-10T15:51:02.000+0000,a013h000009gxRIAAY,a043h00000NclItAAJ,
a003h000007G5egAAC,,AC-0020,2020-09-10T15:51:02.000+0000,0053h000002ff5cAAA,2020-09-10T15:51:02.000+0000,0053h000002ff5cAAA,2020-09-10T15:51:02.000+0000,a013h000009gxREAAY,a043h00000NclItAAJ,
a003h000007G5ehAAC,,AC-0021,2020-09-10T15:51:02.000+0000,0053h000002ff5cAAA,2020-09-10T15:51:02.000+0000,0053h000002ff5cAAA,2020-09-10T15:51:02.000+0000,a013h000009gxRHAAY,a043h00000NclItAAJ,
a003h000007G5eiAAC,,AC-0022,2020-09-10T15:51:02.000+0000,0053h000002ff5cAAA,2020-09-10T15:51:02.000+0000,0053h000002ff5cAAA,2020-09-10T15:51:02.000+0000,a013h000009gxQlAAI,a043h00000NclItAAJ,
